0.5925780534744263, 0.6085742115974426, 0.6228565573692322, 0.6374809741973877, 0.5748324394226074, 0.5637790560722351, 0.5547646284103394, 0.6585071086883545, 0.5490551590919495, 0.6151818037033081, 0.5782097578048706, 0.7767062187194824, 0.40984290838241577, 0.8240580558776855, 0.28275683522224426, 0.8420109152793884, 0.2799570560455322, 0.852189302444458, 0.28169283270835876, 0.8297789692878723, 0.3097752332687378, 0.8169171810150146, 0.3209607005119324, 0.6368738412857056, 0.4186469614505768, 0.7026910781860352, 0.3146602511405945, 0.6674166917800903, 0.2424767017364502, 0.6289665102958679, 0.26851874589920044, 0.7435598373413086, 0.16570594906806946, 0.13257932662963867, 0.11525493860244751, 0.11501958966255188, 0.11475077271461487, 0.11445409059524536, 0.11418867111206055, 0.11372679471969604, 0.11998304724693298, 0.11649006605148315, 0.14900106191635132, 0.14924588799476624, 0.23506097495555878, 0.20751848816871643, 0.36299726366996765, 0.32417142391204834, 0.47214075922966003, 0.4453284442424774, 0.5113076567649841, 0.48064902424812317, 0.5083240270614624, 0.4761830270290375, 0.49616631865501404, 0.46517032384872437, 0.4844459593296051, 0.4751918315887451, 0.6830892562866211, 0.6719803810119629, 0.8820801973342896, 0.8595905900001526, 0.9150584936141968, 0.885123074054718, 0.9280298948287964, 0.9121386408805847, -1.9270296096801758, -1.866801381111145, -1.8678975105285645, -1.8678804636001587, -1.8703376054763794, -1.871451735496521, -1.8720766305923462, -1.3430267572402954, -1.3488657474517822, -1.7087630033493042, -1.7165653705596924, -0.8014909029006958, -0.8638860583305359, -0.6161686778068542, -0.8124564290046692, -1.104394555091858, -1.3234437704086304, -1.2601715326309204, -1.5023751258850098, -1.4079347848892212, -1.6251991987228394, -1.1709349155426025, -1.3849709033966064, 0.011784831993281841, -0.012523307465016842, -0.3020786941051483, -0.14175015687942505, 0.2458174079656601, 0.5456953644752502, 0.25782936811447144, 0.5812181830406189, -0.39674001932144165, -0.016786033287644386, 583.6080322265625, 175.87887573242188, 600.2276611328125, 333.5086364746094
0.5621796250343323, 0.5789295434951782, 0.5927632451057434, 0.6074638366699219, 0.5463864803314209, 0.5327072143554688, 0.5209890604019165, 0.6280297040939331, 0.5106309056282043, 0.5843110680580139, 0.5452239513397217, 0.7443114519119263, 0.3617814779281616, 0.7902661561965942, 0.240371435880661, 0.8105000257492065, 0.24344518780708313, 0.8262797594070435, 0.2422190010547638, 0.8087704181671143, 0.2701670229434967, 0.7928100228309631, 0.2824609875679016, 0.599716067314148, 0.3837892711162567, 0.6689208745956421, 0.2825371026992798, 0.6330128908157349, 0.20223957300186157, 0.5945717096328735, 0.22802987694740295, 0.7274526357650757, 0.1265971064567566, 0.11191856861114502, 0.09284064173698425, 0.09211939573287964, 0.09183388948440552, 0.0936407744884491, 0.09309348464012146, 0.09268221259117126, 0.09689149260520935, 0.09591630101203918, 0.12771937251091003, 0.1271139681339264, 0.21791692078113556, 0.19329193234443665, 0.3529846668243408, 0.31766432523727417, 0.46210888028144836, 0.43316251039505005, 0.4997917413711548, 0.46975862979888916, 0.49925485253334045, 0.4640531539916992, 0.4864557385444641, 0.45266029238700867, 0.472616046667099, 0.4640564024448395, 0.6748380661010742, 0.6671687960624695, 0.8752015829086304, 0.8520023226737976, 0.911215603351593, 0.8770299553871155, 0.9269483089447021, 0.9030126929283142, -1.8667587041854858, -1.806436538696289, -1.8075004816055298, -1.8074990510940552, -1.813768744468689, -1.8148521184921265, -1.8154182434082031, -1.2912232875823975, -1.3153339624404907, -1.6525709629058838, -1.6654539108276367, -0.7815538048744202, -0.8646466732025146, -0.6840406060218811, -0.900109052658081, -1.25176203250885, -1.4831366539001465, -1.425825595855713, -1.679438591003418, -1.570236325263977, -1.7959424257278442, -1.320699691772461, -1.5449903011322021, 0.02171950601041317, -0.02245575189590454, -0.2575879693031311, -0.14434416592121124, 0.3573549687862396, 0.6193841099739075, 0.37817487120628357, 0.6639339327812195, -0.2630710005760193, 0.07314449548721313, 583.6080322265625, 175.87887573242188, 600.2276611328125, 333.5086364746094
0.536199688911438, 0.5559350252151489, 0.5723381638526917, 0.5843657851219177, 0.5192236304283142, 0.5063834190368652, 0.49481287598609924, 0.60129314661026, 0.48146525025367737, 0.5588665008544922, 0.5134784579277039, 0.7213696241378784, 0.3269421458244324, 0.7613177299499512, 0.20207497477531433, 0.7847265005111694, 0.2029467225074768, 0.7989751100540161, 0.2060084342956543, 0.7860804796218872, 0.23020771145820618, 0.7686631679534912, 0.24276801943778992, 0.5775904059410095, 0.36509037017822266, 0.6343390941619873, 0.2575241029262543, 0.5884461998939514, 0.17170992493629456, 0.5635873675346375, 0.17911621928215027, 0.629852831363678, 0.14420780539512634, 0.09042257070541382, 0.07386869192123413, 0.07401522994041443, 0.07433861494064331, 0.07347485423088074, 0.0730142891407013, 0.07284635305404663, 0.08028057217597961, 0.07832428812980652, 0.10791289806365967, 0.1054510772228241, 0.2037382274866104, 0.18402710556983948, 0.340890109539032, 0.29950812458992004, 0.4496051073074341, 0.4211060106754303, 0.48899781703948975, 0.45583248138427734, 0.48721253871917725, 0.4512253701686859, 0.4730265140533447, 0.43911290168762207, 0.4556958079338074, 0.448569118976593, 0.6682131290435791, 0.6424406170845032, 0.8638607263565063, 0.8138383626937866, 0.8754111528396606, 0.8287433981895447, 0.9271456003189087, 0.8470969200134277, -1.9701684713363647, -1.9223092794418335, -1.9233694076538086, -1.9234750270843506, -1.9176104068756104, -1.9186605215072632, -1.9192917346954346, -1.444638967514038, -1.4128926992416382, -1.7687034606933594, -1.7649098634719849, -0.9430936574935913, -0.9192624688148499, -0.7993468046188354, -0.8055450916290283, -1.2667816877365112, -1.2653846740722656, -1.4352792501449585, -1.4380598068237305, -1.5757248401641846, -1.5683472156524658, -1.3321571350097656, -1.3298910856246948, -0.0014817712362855673, 0.0009773534256964922, -0.19838540256023407, 0.011892703361809254, 0.49774184823036194, 0.8618770837783813, 0.5313207507133484, 0.9183119535446167, -0.09082844853401184, 0.349775105714798, 583.6080322265625, 175.87887573242188, 600.2276611328125, 333.5086364746094
0.4959004521369934, 0.5142729878425598, 0.5306369662284851, 0.5457959771156311, 0.47848138213157654, 0.4644380211830139, 0.45334839820861816, 0.5747995376586914, 0.44362619519233704, 0.522345244884491, 0.4764223098754883, 0.6922532916069031, 0.2971094846725464, 0.7253466844558716, 0.17187631130218506, 0.760073721408844, 0.16472849249839783, 0.7759958505630493, 0.16843834519386292, 0.7633122205734253, 0.19634529948234558, 0.7467077970504761, 0.2060965597629547, 0.5473331212997437, 0.3298838436603546, 0.6035968661308289, 0.21583768725395203, 0.5533753633499146, 0.11494684219360352, 0.5192406177520752, 0.12901267409324646, 0.6428238749504089, 0.06372132897377014, 0.08088204264640808, 0.05940443277359009, 0.05850464105606079, 0.057926833629608154, 0.05979806184768677, 0.05935785174369812, 0.05854308605194092, 0.062211573123931885, 0.060701072216033936, 0.09697797894477844, 0.09716969728469849, 0.17933568358421326, 0.16176119446754456, 0.3152225911617279, 0.27651217579841614, 0.42984718084335327, 0.39979615807533264, 0.4706718921661377, 0.43219712376594543, 0.47019216418266296, 0.42995479702949524, 0.45661336183547974, 0.417607843875885, 0.4453393518924713, 0.43858808279037476, 0.654075026512146, 0.6546385288238525, 0.8623826503753662, 0.8267430067062378, 0.8947413563728333, 0.848000168800354, 0.9092943668365479, 0.8808944821357727, -1.9228839874267578, -1.8680261373519897, -1.8691058158874512, -1.8691257238388062, -1.8703827857971191, -1.8715076446533203, -1.8722033500671387, -1.3506242036819458, -1.3532836437225342, -1.7048285007476807, -1.7116204500198364, -0.7937802672386169, -0.8638361096382141, -0.5387489795684814, -0.7659703493118286, -0.9419394135475159, -1.2168182134628296, -1.084434151649475, -1.3833558559417725, -1.2355674505233765, -1.507817268371582, -1.0080795288085938, -1.2782478332519531, 0.035574037581682205, -0.036267008632421494, -0.25542575120925903, -0.11794134974479675, 0.4549367129802704, 0.7348774671554565, 0.48810067772865295, 0.7911107540130615, -0.16995446383953094, 0.1857815384864807, 583.6080322265625, 175.87887573242188, 600.2276611328125, 333.5086364746094
0.5761654376983643, 0.5983414053916931, 0.6158158779144287, 0.6324396133422852, 0.558015763759613, 0.5452837944030762, 0.5365076065063477, 0.6554689407348633, 0.534323513507843, 0.6060298681259155, 0.5608559846878052, 0.7727128267288208, 0.3962081968784332, 0.813726007938385, 0.24781998991966248, 0.8428218364715576, 0.23938751220703125, 0.8656893372535706, 0.23082426190376282, 0.8536545038223267, 0.2615801990032196, 0.8317656517028809, 0.2789458632469177, 0.6254000663757324, 0.4245683550834656, 0.6521072387695312, 0.3389681577682495, 0.5971537828445435, 0.20864391326904297, 0.5550019145011902, 0.21726581454277039, 0.7088053226470947, 0.16134986281394958, 0.1423218846321106, 0.1245068907737732, 0.12437531352043152, 0.12427312135696411, 0.12471115589141846, 0.12423244118690491, 0.12396380305290222, 0.12942755222320557, 0.1253681778907776, 0.15943077206611633, 0.15917295217514038, 0.23769620060920715, 0.22277742624282837, 0.36181971430778503, 0.3383042812347412, 0.47130078077316284, 0.4617748558521271, 0.5083426237106323, 0.5008141398429871, 0.5082429647445679, 0.4986717998981476, 0.49764978885650635, 0.48653140664100647, 0.49766841530799866, 0.49310502409935, 0.6891014575958252, 0.6871675252914429, 0.8848680257797241, 0.8323953747749329, 0.918166995048523, 0.8436035513877869, 0.9409719705581665, 0.9127624034881592, -1.344462513923645, -1.275593876838684, -1.2767443656921387, -1.2765780687332153, -1.287581205368042, -1.2889373302459717, -1.2897043228149414, -0.8046551942825317, -0.853062629699707, -1.1528133153915405, -1.173343539237976, -0.3472079336643219, -0.5703544616699219, -0.16265924274921417, -0.5697054862976074, -0.5786446928977966, -1.037579894065857, -0.6893983483314514, -1.1966643333435059, -0.8331885933876038, -1.3050605058670044, -0.641671359539032, -1.0930832624435425, 0.07631728798151016, -0.07726749032735825, -0.17087438702583313, -0.21684513986110687, 0.2291509211063385, 0.5034521818161011, 0.23318035900592804, 0.5510542988777161, -0.34278738498687744, 0.057028964161872864, 567.319580078125, 159.0543212890625, 476.4771728515625, 298.2196350097656
0.5756847858428955, 0.5955897569656372, 0.6119046807289124, 0.6280054450035095, 0.5567229986190796, 0.5435841679573059, 0.5310666561126709, 0.6427091956138611, 0.5228022933006287, 0.6006795167922974, 0.5568965673446655, 0.758280336856842, 0.3804587721824646, 0.7984616160392761, 0.23893925547599792, 0.8294332027435303, 0.22369620203971863, 0.8492982983589172, 0.21577966213226318, 0.8405215740203857, 0.2481447458267212, 0.8209923505783081, 0.26565635204315186, 0.6176415681838989, 0.41460704803466797, 0.6335128545761108, 0.3292469382286072, 0.5725061893463135, 0.2036764919757843, 0.5310640931129456, 0.2098674178123474, 0.6790317296981812, 0.17188933491706848, 0.13663852214813232, 0.11983087658882141, 0.11978283524513245, 0.11986377835273743, 0.11937016248703003, 0.11876383423805237, 0.1185196042060852, 0.12445878982543945, 0.11941632628440857, 0.15377482771873474, 0.1528172791004181, 0.23073285818099976, 0.21638715267181396, 0.3583863377571106, 0.3356996774673462, 0.4683668613433838, 0.46295279264450073, 0.5065430402755737, 0.5022815465927124, 0.5041459202766418, 0.5007096529006958, 0.4925781786441803, 0.4890364110469818, 0.4942651093006134, 0.489157497882843, 0.6958805322647095, 0.691712498664856, 0.8871814012527466, 0.837456226348877, 0.9169652462005615, 0.8496643304824829, 0.9385100603103638, 0.916466236114502, -1.5223513841629028, -1.4570209980010986, -1.4581584930419922, -1.4579769372940063, -1.4744396209716797, -1.4757477045059204, -1.4764719009399414, -0.9640834331512451, -1.0384469032287598, -1.3184493780136108, -1.3464008569717407, -0.4647688865661621, -0.6931517720222473, -0.2545539438724518, -0.6477406620979309, -0.6915631890296936, -1.1035586595535278, -0.8107011914253235, -1.265829086303711, -0.9582345485687256, -1.3805557489395142, -0.75694340467453, -1.1608392000198364, 0.079380564391613, -0.08023752272129059, 0.05426503345370293, -0.14948323369026184, 0.5845727324485779, 0.5975229740142822, 0.6020379066467285, 0.6476195454597473, 0.046461042016744614, 0.14339487254619598, 566.5838623046875, 156.5970001220703, 477.2755126953125, 297.72442626953125
0.5769071578979492, 0.6004768013954163, 0.6184790730476379, 0.635401725769043, 0.5598838329315186, 0.5456950664520264, 0.5325722694396973, 0.6538867950439453, 0.5252171158790588, 0.6053087115287781, 0.557315468788147, 0.7717279195785522, 0.38211023807525635, 0.8091120719909668, 0.23239856958389282, 0.8351033926010132, 0.21240279078483582, 0.8596787452697754, 0.2012633979320526, 0.8482062816619873, 0.2351243495941162, 0.8262878656387329, 0.254230260848999, 0.619774341583252, 0.41296908259391785, 0.6371020674705505, 0.33291202783584595, 0.5636440515518188, 0.20700779557228088, 0.5201848149299622, 0.20567023754119873, 0.6768149137496948, 0.1733207404613495, 0.1360722780227661, 0.11750945448875427, 0.11737242341041565, 0.11758717894554138, 0.11732620000839233, 0.11694321036338806, 0.11655887961387634, 0.12263533473014832, 0.11733415722846985, 0.15389138460159302, 0.1531604528427124, 0.22780287265777588, 0.2139265388250351, 0.3520593047142029, 0.33322232961654663, 0.4616977572441101, 0.46232396364212036, 0.5012466311454773, 0.5000770092010498, 0.5012437105178833, 0.4996516704559326, 0.4910475015640259, 0.4877183437347412, 0.4959603250026703, 0.4893854260444641, 0.6961703300476074, 0.69223952293396, 0.8924179077148438, 0.8380922079086304, 0.9234532117843628, 0.8475527763366699, 0.9396542906761169, 0.9212377071380615, -1.5704885721206665, -1.5046383142471313, -1.5058149099349976, -1.5056077241897583, -1.5225991010665894, -1.5240063667297363, -1.5248138904571533, -0.9978206157684326, -1.0755703449249268, -1.3599615097045898, -1.389028787612915, -0.4603230357170105, -0.7329342365264893, -0.20759999752044678, -0.653089702129364, -0.6355704665184021, -1.0805230140686035, -0.7527371644973755, -1.2432316541671753, -0.9064337611198425, -1.3611109256744385, -0.7027546167373657, -1.1376270055770874, 0.098286472260952, -0.09917580336332321, 0.04632481932640076, -0.13782605528831482, 0.5833747982978821, 0.7568257451057434, 0.6001559495925903, 0.8219584226608276, 0.00832409504801035, 0.31013423204421997, 564.7724609375, 154.2124481201172, 470.781494140625, 295.92425537109375
0.5705744624137878, 0.5917843580245972, 0.6080129742622375, 0.6248658299446106, 0.550520122051239, 0.5366130471229553, 0.5246601104736328, 0.6445450782775879, 0.518200695514679, 0.5972834825515747, 0.5502225756645203, 0.7667959928512573, 0.3691336512565613, 0.8118892312049866, 0.2244090437889099, 0.8421367406845093, 0.20109087228775024, 0.8635855317115784, 0.19414839148521423, 0.8509483933448792, 0.2269655466079712, 0.8318109512329102, 0.24448645114898682, 0.6173397898674011, 0.4036957621574402, 0.6287099719047546, 0.3390720784664154, 0.5507058501243591, 0.20951348543167114, 0.5041964054107666, 0.20735201239585876, 0.6637238264083862, 0.19274044036865234, 0.140386164188385, 0.12092399597167969, 0.12080886960029602, 0.12179374694824219, 0.12108799815177917, 0.12097099423408508, 0.12069737911224365, 0.12748011946678162, 0.12338894605636597, 0.15607225894927979, 0.15402603149414062, 0.2342480719089508, 0.2198772132396698, 0.3595099449157715, 0.33809638023376465, 0.47238045930862427, 0.46608445048332214, 0.5090966820716858, 0.5046200752258301, 0.5079313516616821, 0.5027177333831787, 0.4977930784225464, 0.4906344711780548, 0.4957424998283386, 0.4897461235523224, 0.6960585117340088, 0.6944898962974548, 0.8916031122207642, 0.837921679019928, 0.9222556352615356, 0.8456014394760132, 0.9387717843055725, 0.922209620475769, -1.7038160562515259, -1.6383928060531616, -1.6395474672317505, -1.63936448097229, -1.65590500831604, -1.6572901010513306, -1.6580967903137207, -1.1124944686889648, -1.1885830163955688, -1.484865665435791, -1.513210654258728, -0.5352999567985535, -0.8207051753997803, -0.23629628121852875, -0.7359670996665955, -0.6244972944259644, -1.173413872718811, -0.7389757037162781, -1.3429856300354004, -0.8966586589813232, -1.463667392730713, -0.6923144459724426, -1.2319493293762207, 0.10236528515815735, -0.10324293375015259, 0.03336743265390396, -0.13962166011333466, 0.615826427936554, 0.9120910167694092, 0.637033998966217, 0.9944090247154236, 0.01855146698653698, 0.4820626378059387, 563.7244873046875, 151.53903198242188, 470.5143127441406, 294.35528564453125
0.5646536350250244, 0.5827924609184265, 0.6013340950012207, 0.6183682084083557, 0.5458337664604187, 0.5347643494606018, 0.5236605405807495, 0.6404004096984863, 0.5160404443740845, 0.5924424529075623, 0.5479695200920105, 0.7629908323287964, 0.36589205265045166, 0.8115686178207397, 0.2069379687309265, 0.8412712216377258, 0.18728679418563843, 0.8571569919586182, 0.1839340627193451, 0.8478674292564392, 0.21432459354400635, 0.8335528373718262, 0.23190850019454956, 0.6147552132606506, 0.39695674180984497, 0.6097383499145508, 0.34191185235977173, 0.5341159105300903, 0.20342856645584106, 0.4905182719230652, 0.191504567861557, 0.6465154886245728, 0.18660923838615417, 0.12569689750671387, 0.10795441269874573, 0.10824108123779297, 0.10858747363090515, 0.10689079761505127, 0.10647273063659668, 0.10621392726898193, 0.11350911855697632, 0.1083386242389679, 0.14267724752426147, 0.14173674583435059, 0.22104209661483765, 0.20386408269405365, 0.3510357737541199, 0.32838475704193115, 0.4656147062778473, 0.4561750292778015, 0.5003647208213806, 0.494920015335083, 0.5008737444877625, 0.49195221066474915, 0.4909805953502655, 0.48007670044898987, 0.4852944016456604, 0.4793010950088501, 0.6910235285758972, 0.684379518032074, 0.8896534442901611, 0.8358270525932312, 0.9244592189788818, 0.8437749147415161, 0.9361414909362793, 0.9201937913894653, -1.7932639122009277, -1.7250444889068604, -1.726155400276184, -1.7259893417358398, -1.7447057962417603, -1.7460787296295166, -1.7469290494918823, -1.173505425453186, -1.2590410709381104, -1.5642116069793701, -1.5951911211013794, -0.5509625673294067, -0.8755220174789429, -0.20877087116241455, -0.7893158793449402, -0.5818759799003601, -1.2442327737808228, -0.6960171461105347, -1.424422264099121, -0.8583049774169922, -1.542852759361267, -0.6510789394378662, -1.3018606901168823, 0.11533888429403305, -0.1161658763885498, 0.054252345114946365, -0.1478634476661682, 0.7306566834449768, 0.9154866337776184, 0.7605032324790955, 0.9976550340652466, 0.11212468147277832, 0.4366561770439148, 562.6773681640625, 150.32749938964844, 542.8094482421875, 332.3154296875
0.5754106044769287, 0.5904331207275391, 0.6070349812507629, 0.6228535175323486, 0.5544736981391907, 0.5422906875610352, 0.527826189994812, 0.64283287525177, 0.5062439441680908, 0.6009695529937744, 0.5567890405654907, 0.7673810124397278, 0.35360342264175415, 0.816146731376648, 0.19539380073547363, 0.849195122718811, 0.16338026523590088, 0.8648905754089355, 0.15761104226112366, 0.8583924770355225, 0.1886431872844696, 0.8433939814567566, 0.2087114155292511, 0.6107078194618225, 0.3873911201953888, 0.5888563394546509, 0.3637242317199707, 0.5078130960464478, 0.2309528887271881, 0.4708864092826843, 0.21046888828277588, 0.6126073598861694, 0.2379167377948761, 0.08998924493789673, 0.07565107941627502, 0.07600033283233643, 0.07627856731414795, 0.07498753070831299, 0.07524371147155762, 0.07564103603363037, 0.08589160442352295, 0.0852191150188446, 0.10766500234603882, 0.10702928900718689, 0.1952260285615921, 0.18171092867851257, 0.3267868757247925, 0.3083961009979248, 0.44447755813598633, 0.4405108392238617, 0.48188698291778564, 0.47974005341529846, 0.48042693734169006, 0.4775267541408539, 0.4694308936595917, 0.46503782272338867, 0.462741494178772, 0.4554808735847473, 0.6807666420936584, 0.6731404662132263, 0.8852207660675049, 0.8262887597084045, 0.9191234111785889, 0.8355720639228821, 0.9337772130966187, 0.9171264171600342, -1.8633874654769897, -1.789000153541565, -1.7901856899261475, -1.790129542350769, -1.8166331052780151, -1.817971110343933, -1.8189142942428589, -1.2205952405929565, -1.3416223526000977, -1.6302746534347534, -1.6716731786727905, -0.5821555256843567, -0.980659008026123, -0.23745474219322205, -0.9027696251869202, -0.6536736488342285, -1.3635501861572266, -0.7749178409576416, -1.5529025793075562, -0.9430112838745117, -1.6826695203781128, -0.7266799807548523, -1.4264642000198364, 0.1505657285451889, -0.15135309100151062, 0.11538290232419968, -0.2020106166601181, 0.8323099613189697, 0.9418143630027771, 0.8649498820304871, 1.0316342115402222, 0.17633329331874847, 0.433686226606369, 561.6564331054688, 148.70103454589844, 476.19390869140625, 291.2054443359375
0.5795873999595642, 0.5970774292945862, 0.6125674247741699, 0.6279882788658142, 0.5604022741317749, 0.5490172505378723, 0.5375584363937378, 0.6449407339096069, 0.5222221612930298, 0.6037219166755676, 0.5655644536018372, 0.7680805921554565, 0.36201590299606323, 0.8165820837020874, 0.1847982406616211, 0.8540856838226318, 0.15717926621437073, 0.8678605556488037, 0.15066459774971008, 0.8602479100227356, 0.18045425415039062, 0.8448514938354492, 0.19903773069381714, 0.6048575639724731, 0.3828524351119995, 0.5810515880584717, 0.3749387860298157, 0.500952959060669, 0.240980863571167, 0.4589085876941681, 0.21511203050613403, 0.5863059163093567, 0.25807660818099976, 0.07200071215629578, 0.06312540173530579, 0.06295919418334961, 0.0625673234462738, 0.06515327095985413, 0.06582111120223999, 0.066199392080307, 0.07018324732780457, 0.07436686754226685, 0.08656102418899536, 0.08970317244529724, 0.17970366775989532, 0.16229793429374695, 0.30968040227890015, 0.29185211658477783, 0.42889603972435, 0.4246205687522888, 0.4654346704483032, 0.46353453397750854, 0.4651527404785156, 0.46240776777267456, 0.4532131254673004, 0.45004966855049133, 0.44635963439941406, 0.43688520789146423, 0.6659231781959534, 0.6586640477180481, 0.8799070119857788, 0.8123845458030701, 0.9002860188484192, 0.8228113651275635, 0.913864016532898, 0.8946868181228638, -1.8148472309112549, -1.7552599906921387, -1.7564165592193604, -1.7564371824264526, -1.788769006729126, -1.790012240409851, -1.7909268140792847, -1.2571163177490234, -1.4030489921569824, -1.606082558631897, -1.654602289199829, -0.6383326053619385, -1.1006017923355103, -0.3173157274723053, -1.0485566854476929, -0.7411465048789978, -1.4539225101470947, -0.8638616800308228, -1.6428844928741455, -1.0352720022201538, -1.7631598711013794, -0.8165894746780396, -1.5123250484466553, 0.1749052107334137, -0.17563405632972717, 0.1746123731136322, -0.2084847092628479, 0.9663026332855225, 0.9078537225723267, 1.0074312686920166, 0.995631754398346, 0.359110951423645, 0.42091765999794006, 561.6564331054688, 148.70103454589844, 476.19390869140625, 291.2054443359375
0.5783591866493225, 0.5873546600341797, 0.6010199189186096, 0.614443838596344, 0.5557724833488464, 0.5455142855644226, 0.535393238067627, 0.6394026279449463, 0.5263918042182922, 0.6051608324050903, 0.5690251588821411, 0.7774696350097656, 0.3564780652523041, 0.8287150859832764, 0.1851431429386139, 0.8608441352844238, 0.15146711468696594, 0.8748375773429871, 0.14137977361679077, 0.8681581020355225, 0.17465481162071228, 0.8526504039764404, 0.19427374005317688, 0.6088181138038635, 0.3888186812400818, 0.5717437267303467, 0.39243173599243164, 0.4891307055950165, 0.2568856179714203, 0.4484139084815979, 0.2388634979724884, 0.6047394871711731, 0.2775481939315796, 0.0598888099193573, 0.04992133378982544, 0.04917365312576294, 0.04834303259849548, 0.053262174129486084, 0.05477139353752136, 0.055757224559783936, 0.05081549286842346, 0.060817718505859375, 0.07452422380447388, 0.08199575543403625, 0.1598854959011078, 0.1430085301399231, 0.29274845123291016, 0.27430498600006104, 0.4175957441329956, 0.40795668959617615, 0.4539450407028198, 0.44976189732551575, 0.45524442195892334, 0.4482399523258209, 0.4446588456630707, 0.435846209526062, 0.4364013373851776, 0.4270506799221039, 0.663751482963562, 0.6573299765586853, 0.8745091557502747, 0.8115746974945068, 0.9049307107925415, 0.8194689154624939, 0.9247385263442993, 0.9138228297233582, -1.2599843740463257, -1.2206597328186035, -1.221853256225586, -1.221781849861145, -1.2668930292129517, -1.26832115650177, -1.2693672180175781, -0.8561756014823914, -1.0597960948944092, -1.0984153747558594, -1.1639155149459839, -0.33126533031463623, -0.9067205190658569, -0.013538413681089878, -0.84455806016922, -0.34028714895248413, -1.1120976209640503, -0.4209667444229126, -1.2657705545425415, -0.5829010605812073, -1.3711484670639038, -0.40912356972694397, -1.1606895923614502, 0.21147020161151886, -0.2121753841638565, 0.3170066177845001, -0.2801625728607178, 0.8900828957557678, 0.8205348253250122, 0.91099613904953, 0.9130263924598694, 0.3187682330608368, 0.4431467056274414, 561.6564331054688, 148.70103454589844, 476.19390869140625, 291.2054443359375
0.5844582915306091, 0.5949433445930481, 0.6081281304359436, 0.6255192160606384, 0.5638831853866577, 0.5507485270500183, 0.5395902395248413, 0.6290894746780396, 0.5290515422821045, 0.6122356653213501, 0.5729706883430481, 0.7885902523994446, 0.3612312078475952, 0.8371338844299316, 0.1848089098930359, 0.8781241178512573, 0.15270400047302246, 0.8900668621063232, 0.14493972063064575, 0.8847683668136597, 0.17464971542358398, 0.8678551912307739, 0.19354373216629028, 0.6217721700668335, 0.39592814445495605, 0.5767536163330078, 0.41640961170196533, 0.489492803812027, 0.27098459005355835, 0.44635337591171265, 0.24963009357452393, 0.5782990455627441, 0.30462145805358887, 0.05517962574958801, 0.03870055079460144, 0.03842604160308838, 0.03840416669845581, 0.05070194602012634, 0.05181121826171875, 0.05241730809211731, 0.0322512686252594, 0.04713675379753113, 0.06256717443466187, 0.06668052077293396, 0.1404474675655365, 0.12345626950263977, 0.2790491580963135, 0.26080071926116943, 0.403609037399292, 0.3992653787136078, 0.44157344102859497, 0.4388260245323181, 0.44343554973602295, 0.43864312767982483, 0.4307194948196411, 0.42594021558761597, 0.4179922938346863, 0.4092175364494324, 0.6421339511871338, 0.640704333782196, 0.8596512079238892, 0.8049646615982056, 0.8830772042274475, 0.8205088376998901, 0.8992297053337097, 0.885614812374115, -1.7331252098083496, -1.7023288011550903, -1.703526258468628, -1.7035682201385498, -1.7428553104400635, -1.7441424131393433, -1.7452565431594849, -1.312862753868103, -1.4909076690673828, -1.5557634830474854, -1.6136033535003662, -0.7230895161628723, -1.2453759908676147, -0.45082491636276245, -1.1599576473236084, -0.7813372015953064, -1.3674522638320923, -0.8839896321296692, -1.5325859785079956, -1.0462260246276855, -1.636800765991211, -0.8531703948974609, -1.4162887334823608, 0.2015884816646576, -0.20198491215705872, 0.44661685824394226, -0.14890740811824799, 1.2941265106201172, 0.9663075804710388, 1.3399518728256226, 1.0529649257659912, 0.7075849175453186, 0.46964070200920105, 561.6564331054688, 148.70103454589844, 476.19390869140625, 291.2054443359375
0.6046178340911865, 0.6228983998298645, 0.6368963718414307, 0.652088463306427, 0.5854660272598267, 0.5748594999313354, 0.5656154751777649, 0.6593124866485596, 0.544217050075531, 0.6273442506790161, 0.5902175307273865, 0.7947778701782227, 0.37035971879959106, 0.8566950559616089, 0.19138872623443604, 0.8960219025611877, 0.1553717851638794, 0.9045579433441162, 0.14733770489692688, 0.9038450121879578, 0.17683649063110352, 0.8881732225418091, 0.19473278522491455, 0.6294203996658325, 0.40253397822380066, 0.5847381949424744, 0.43894505500793457, 0.4886039197444916, 0.2959335744380951, 0.44120827317237854, 0.272541880607605, 0.5817141532897949, 0.33600807189941406, 0.09702906012535095, 0.08758285641670227, 0.08752071857452393, 0.07959800958633423, 0.08523055911064148, 0.08427995443344116, 0.0830598771572113, 0.059154659509658813, 0.07047352194786072, 0.10039636492729187, 0.09872671961784363, 0.1216985434293747, 0.10471042990684509, 0.25989168882369995, 0.24379177391529083, 0.39267972111701965, 0.3837343752384186, 0.4307136535644531, 0.42416420578956604, 0.43226200342178345, 0.424591064453125, 0.41913363337516785, 0.41104015707969666, 0.40784433484077454, 0.39718374609947205, 0.6293200254440308, 0.6247515678405762, 0.8515275716781616, 0.7985901236534119, 0.8765792846679688, 0.8162215948104858, 0.894267737865448, 0.8790261745452881, -1.7058913707733154, -1.6969882249832153, -1.69821035861969, -1.698155164718628, -1.7402101755142212, -1.7415258884429932, -1.7423973083496094, -1.3401830196380615, -1.5305564403533936, -1.5286463499069214, -1.5904457569122314, -0.7541197538375854, -1.2179031372070312, -0.4730411469936371, -1.08571457862854, -0.7538605332374573, -1.2326909303665161, -0.848429799079895, -1.3753747940063477, -1.0016436576843262, -1.4821586608886719, -0.8193730115890503, -1.2795690298080444, 0.1879914253950119, -0.18859922885894775, 0.3279683589935303, -0.22885915637016296, 1.0649374723434448, 0.7606850266456604, 1.1002918481826782, 0.834364652633667, 0.49734434485435486, 0.27475467324256897, 561.6564331054688, 148.70103454589844, 476.19390869140625, 291.2054443359375
0.6266927719116211, 0.6575007438659668, 0.6687564849853516, 0.6770206689834595, 0.6237441301345825, 0.614721417427063, 0.5964948534965515, 0.6985566020011902, 0.5864706039428711, 0.6320086121559143, 0.6101376414299011, 0.8189094066619873, 0.38202476501464844, 0.8797802925109863, 0.19230258464813232, 0.9159156084060669, 0.157247394323349, 0.9315615892410278, 0.15486404299736023, 0.9212043285369873, 0.18054786324501038, 0.9003856182098389, 0.19665420055389404, 0.6473091840744019, 0.42386090755462646, 0.588193953037262, 0.47304457426071167, 0.4827638566493988, 0.3353048264980316, 0.437971293926239, 0.3080543577671051, 0.5459497570991516, 0.3805902898311615, 0.11407962441444397, 0.10193857550621033, 0.09550920128822327, 0.0955294668674469, 0.09921547770500183, 0.09717655181884766, 0.0953834056854248, 0.08424711227416992, 0.07267540693283081, 0.11486820876598358, 0.11334449052810669, 0.10670402646064758, 0.09118258953094482, 0.24254953861236572, 0.2296016812324524, 0.3726106286048889, 0.37206733226776123, 0.41395750641822815, 0.4106592833995819, 0.41673043370246887, 0.4092395007610321, 0.403218537569046, 0.39774927496910095, 0.3937242329120636, 0.3841457962989807, 0.6194517612457275, 0.6139075756072998, 0.8350842595100403, 0.7921384572982788, 0.8572428822517395, 0.8096208572387695, 0.9125338792800903, 0.8658342361450195, -1.8665568828582764, -1.8634988069534302, -1.8647382259368896, -1.8646835088729858, -1.897261142730713, -1.8986092805862427, -1.8994646072387695, -1.4783915281295776, -1.6260311603546143, -1.6734561920166016, -1.722945213317871, -0.8579428791999817, -1.208917498588562, -0.608420729637146, -0.9858583807945251, -0.9329361915588379, -1.0802583694458008, -1.0404926538467407, -1.206824541091919, -1.184521198272705, -1.319461464881897, -0.995003342628479, -1.1267011165618896, 0.15879285335540771, -0.15957742929458618, 0.2164466679096222, -0.20418938994407654, 1.0225300788879395, 0.8255060315132141, 1.0686817169189453, 0.9046609401702881, 0.4939287602901459, 0.36597585678100586, 561.6564331054688, 148.70103454589844, 476.19390869140625, 291.2054443359375
0.6350511908531189, 0.6466571092605591, 0.6651673913002014, 0.6709150671958923, 0.640108585357666, 0.6387135982513428, 0.6208063960075378, 0.6973514556884766, 0.6024353504180908, 0.6345884799957275, 0.6203093528747559, 0.8368678092956543, 0.36861005425453186, 0.9017252326011658, 0.2015320360660553, 0.9311242699623108, 0.17082664370536804, 0.943171501159668, 0.15757456421852112, 0.9365237355232239, 0.18643012642860413, 0.9176905751228333, 0.21160036325454712, 0.6473902463912964, 0.4376664459705353, 0.5854624509811401, 0.5216436982154846, 0.4700300395488739, 0.3654713034629822, 0.4250854253768921, 0.33477628231048584, 0.5545417666435242, 0.4005415439605713, 0.10319125652313232, 0.09215903282165527, 0.09142625331878662, 0.09077194333076477, 0.09002688527107239, 0.08833834528923035, 0.08677655458450317, 0.05649751424789429, 0.062226563692092896, 0.10175958275794983, 0.10084423422813416, 0.09535285830497742, 0.07778999209403992, 0.23075738549232483, 0.20885436236858368, 0.3579505681991577, 0.35324177145957947, 0.4030212461948395, 0.39241188764572144, 0.40377938747406006, 0.3936412036418915, 0.3907761573791504, 0.3798010051250458, 0.37745213508605957, 0.3678537905216217, 0.6085414886474609, 0.6025007963180542, 0.8214980363845825, 0.7899036407470703, 0.8472959995269775, 0.8052419424057007, 0.887500524520874, 0.8794158101081848, -1.2371912002563477, -1.2540388107299805, -1.2551771402359009, -1.2551192045211792, -1.2947676181793213, -1.2962888479232788, -1.2971251010894775, -1.0086389780044556, -1.1868293285369873, -1.0977153778076172, -1.155999779701233, -0.5456037521362305, -0.9130986332893372, -0.3348042666912079, -0.7559360265731812, -0.6030586957931519, -0.8453290462493896, -0.6845495700836182, -0.9409931302070618, -0.8085460662841797, -1.0482854843139648, -0.6552876830101013, -0.887995719909668, 0.16265536844730377, -0.16383296251296997, 0.17137576639652252, -0.3547554016113281, 0.5728163123130798, 0.3775733709335327, 0.5833040475845337, 0.436084508895874, 0.10200496762990952, 0.022561175748705864, 561.6564331054688, 148.70103454589844, 476.19390869140625, 291.2054443359375
0.6735755205154419, 0.710041880607605, 0.7165735960006714, 0.7235627174377441, 0.6819781064987183, 0.6609546542167664, 0.6603248119354248, 0.7248092293739319, 0.6487762928009033, 0.6604748964309692, 0.6478517055511475, 0.8286429047584534, 0.3789566159248352, 0.9201676845550537, 0.21513402462005615, 0.9470116496086121, 0.34532982110977173, 0.9505124092102051, 0.34269341826438904, 0.9515458345413208, 0.228561133146286, 0.9179871082305908, 0.2647189497947693, 0.6524119973182678, 0.4632868468761444, 0.5925396084785461, 0.5478085279464722, 0.47466471791267395, 0.40680795907974243, 0.433230996131897, 0.370124489068985, 0.5505210161209106, 0.44270288944244385, 0.1316813826560974, 0.11035914719104767, 0.10726481676101685, 0.1049162745475769, 0.11247849464416504, 0.11337614059448242, 0.10221399366855621, 0.07464650273323059, 0.08795353770256042, 0.1253414899110794, 0.12205146253108978, 0.09243503212928772, 0.07454726099967957, 0.20897506177425385, 0.19061951339244843, 0.3447496294975281, 0.3333599865436554, 0.386080265045166, 0.36864569783210754, 0.3866560459136963, 0.3793450891971588, 0.3739180862903595, 0.3652688264846802, 0.36770179867744446, 0.3605560064315796, 0.5935699343681335, 0.5890436172485352, 0.8036255836486816, 0.7886531352996826, 0.8257318735122681, 0.8082971572875977, 0.869008481502533, 0.8647180795669556, -1.364319086074829, -1.3883960247039795, -1.3894866704940796, -1.3894447088241577, -1.4374781847000122, -1.4390019178390503, -1.4398589134216309, -1.1397958993911743, -1.3585304021835327, -1.2189470529556274, -1.288818597793579, -0.6401770710945129, -1.0573080778121948, -0.3638269603252411, -0.9371020793914795, -0.5319674015045166, -1.022518515586853, -0.6007887721061707, -1.1247308254241943, -0.7115581631660461, -1.2082417011260986, -0.5767412781715393, -1.0554629564285278, 0.16708144545555115, -0.16809433698654175, 0.21023891866207123, -0.3717127740383148, 0.6114511489868164, 0.14600616693496704, 0.6242490410804749, 0.18188272416591644, 0.1945776790380478, -0.25048828125, 561.6564331054688, 148.70103454589844, 476.19390869140625, 291.2054443359375
0.6500425338745117, 0.6519034504890442, 0.6357474327087402, 0.6330339312553406, 0.6594418883323669, 0.6794541478157043, 0.6859471797943115, 0.609939455986023, 0.7217509150505066, 0.6358550190925598, 0.6527731418609619, 0.39850884675979614, 0.8552457094192505, 0.21434390544891357, 0.9419190883636475, 0.18346655368804932, 0.9724259376525879, 0.1722872257232666, 0.9852431416511536, 0.19529211521148682, 0.9791914224624634, 0.2150251269340515, 0.9548224210739136, 0.45407605171203613, 0.6614052057266235, 0.5500229001045227, 0.595737636089325, 0.4853748083114624, 0.4624420404434204, 0.4510561227798462, 0.4253785312175751, 0.5043274760246277, 0.5587221384048462, 0.10012969374656677, 0.09919413924217224, 0.09879003465175629, 0.08892756700515747, 0.09700585901737213, 0.0956813246011734, 0.0940771996974945, 0.07035371661186218, 0.07765457034111023, 0.10099495947360992, 0.10165144503116608, 0.06745603680610657, 0.08388549089431763, 0.16977748274803162, 0.19420427083969116, 0.32097557187080383, 0.33257418870925903, 0.35624730587005615, 0.36394816637039185, 0.3605000078678131, 0.3672223389148712, 0.34833502769470215, 0.35709819197654724, 0.3505641520023346, 0.35075390338897705, 0.5649517774581909, 0.5723301768302917, 0.746269941329956, 0.7971367239952087, 0.7652943730354309, 0.8248558044433594, 0.7671364545822144, 0.8607772588729858, -0.41899776458740234, -0.5434683561325073, -0.5442082285881042, -0.5443198680877686, -0.5780617594718933, -0.5790511965751648, -0.5797849893569946, -0.838658332824707, -1.002015233039856, -0.4703800082206726, -0.5234460830688477, -0.7258169054985046, -1.1509689092636108, -0.723534345626831, -1.1564780473709106, -0.632840096950531, -0.8568042516708374, -0.6524392366409302, -0.9248230457305908, -0.7127048373222351, -0.946463942527771, -0.6492399573326111, -0.8616973757743835, 0.2322946935892105, -0.2330821454524994, 0.8834739327430725, -0.4787180721759796, 1.5769851207733154, -0.45119810104370117, 1.637178897857666, -0.44883960485458374, 1.6420685052871704, -0.6458355784416199, 561.6564331054688, 148.70103454589844, 476.19390869140625, 291.2054443359375
0.5908280611038208, 0.6224742531776428, 0.6261613965034485, 0.6312414407730103, 0.5991199612617493, 0.5981892347335815, 0.5742837190628052, 0.6685811281204224, 0.5654057264328003, 0.5864072442054749, 0.5701919794082642, 0.7560027837753296, 0.38155752420425415, 0.8184233903884888, 0.19960826635360718, 0.8395576477050781, 0.1640576720237732, 0.8471939563751221, 0.1495838165283203, 0.8437750339508057, 0.17582747340202332, 0.8280853033065796, 0.1956634819507599, 0.5958224534988403, 0.4075010418891907, 0.5376529693603516, 0.4983583986759186, 0.4311177432537079, 0.4192105829715729, 0.3952062129974365, 0.3772071599960327, 0.47380396723747253, 0.449205607175827, 0.08980491757392883, 0.08078122138977051, 0.08195121586322784, 0.08203068375587463, 0.0777159035205841, 0.07654404640197754, 0.0747174620628357, 0.03762388229370117, 0.03199654817581177, 0.08930690586566925, 0.08612661063671112, 0.06844520568847656, 0.03146210312843323, 0.1796366274356842, 0.14477521181106567, 0.31822946667671204, 0.31250065565109253, 0.36443114280700684, 0.35406097769737244, 0.3651551306247711, 0.3555057942867279, 0.351654589176178, 0.3430735468864441, 0.3516816794872284, 0.339875727891922, 0.5837721824645996, 0.579981803894043, 0.8118233680725098, 0.8105626106262207, 0.8407717943191528, 0.8368514776229858, 0.8966182470321655, 0.883033275604248, -1.3903356790542603, -1.3933595418930054, -1.394243836402893, -1.394099473953247, -1.424737572669983, -1.425951600074768, -1.4266146421432495, -1.111293911933899, -1.2506678104400635, -1.243193507194519, -1.289502501487732, -0.6215797662734985, -0.9495444297790527, -0.4073028564453125, -0.7415757179260254, -0.5567569136619568, -0.7410149574279785, -0.6163039803504944, -0.829059898853302, -0.7229974269866943, -0.9089405536651611, -0.6000115275382996, -0.7714897990226746, 0.1452687680721283, -0.14611849188804626, 0.20852257311344147, -0.354044646024704, 0.8123316764831543, 0.20224152505397797, 0.8482193946838379, 0.24345189332962036, 0.46401098370552063, -0.17106066644191742, 569.5960693359375, 144.56748962402344, 456.6171875, 280.95458984375
0.33072876930236816, 0.3155222237110138, 0.3020775020122528, 0.2926444113254547, 0.34428924322128296, 0.35385215282440186, 0.3671645224094391, 0.28692924976348877, 0.38334211707115173, 0.3286305367946625, 0.352713018655777, 0.20633023977279663, 0.5620887279510498, 0.26486736536026, 0.5100644826889038, 0.3836599588394165, 0.3232874274253845, 0.4034687876701355, 0.26091933250427246, 0.4374828338623047, 0.23942208290100098, 0.43586432933807373, 0.24445891380310059, 0.4024253487586975, 0.6002046465873718, 0.3364579975605011, 0.8434852361679077, 0.24324849247932434, 0.6241775155067444, 0.17934027314186096, 0.5458173751831055, 0.24085363745689392, 0.629167914390564, 0.13701081275939941, 0.1257275938987732, 0.12611085176467896, 0.1261303424835205, 0.12442904710769653, 0.12346848845481873, 0.12168198823928833, 0.13556835055351257, 0.12664583325386047, 0.1521497666835785, 0.1502363085746765, 0.2288152575492859, 0.19034025073051453, 0.38443630933761597, 0.3526836633682251, 0.4758862853050232, 0.44174572825431824, 0.49377256631851196, 0.44313427805900574, 0.48831474781036377, 0.4418041706085205, 0.4815767705440521, 0.4400283694267273, 0.5011009573936462, 0.4826577305793762, 0.6750979423522949, 0.6685159802436829, 0.8685443997383118, 0.8344703912734985, 0.905180811882019, 0.8419290781021118, 0.9277527332305908, 0.9303426742553711, 1.3531484603881836, 1.2933851480484009, 1.2927995920181274, 1.2925102710723877, 1.293226718902588, 1.292611002922058, 1.2928763628005981, 0.9803081154823303, 0.9794194102287292, 1.2555954456329346, 1.251577377319336, 0.718551754951477, 0.610788106918335, 0.4294329881668091, 0.24555657804012299, 0.2528306245803833, 0.05068688094615936, 0.23058727383613586, -0.007281597703695297, 0.22222323715686798, -0.013821364380419254, 0.24668574333190918, 0.031226152554154396, 0.1266086995601654, -0.12791696190834045, 0.7089186310768127, -0.12733200192451477, 0.8032028079032898, -0.27312421798706055, 0.8027788400650024, -0.286521852016449, 0.7482585310935974, -0.39188531041145325, 452.90203857421875, 278.1408386230469, 400.39007568359375, 311.202880859375
0.4535614252090454, 0.4343230128288269, 0.42145997285842896, 0.4102132320404053, 0.459301620721817, 0.4659300446510315, 0.47281476855278015, 0.39404040575027466, 0.47044897079467773, 0.4409725069999695, 0.46448907256126404, 0.28150245547294617, 0.6038971543312073, 0.2780117094516754, 0.554084837436676, 0.2863079905509949, 0.37206321954727173, 0.29230812191963196, 0.34109967947006226, 0.3172491788864136, 0.3245391845703125, 0.3261464238166809, 0.33087533712387085, 0.4533170461654663, 0.6336724758148193, 0.34136661887168884, 0.8762432336807251, 0.2376144528388977, 0.6291463971138, 0.23016828298568726, 0.5661708116531372, 0.2269628345966339, 0.6321855783462524, 0.14672395586967468, 0.13447517156600952, 0.13437485694885254, 0.13427332043647766, 0.1338157057762146, 0.13303017616271973, 0.13196545839309692, 0.14398863911628723, 0.13934212923049927, 0.16242319345474243, 0.16193583607673645, 0.250865638256073, 0.22142300009727478, 0.4048260450363159, 0.39512553811073303, 0.4603745639324188, 0.4861357808113098, 0.4869331419467926, 0.4909142255783081, 0.4780336320400238, 0.49652740359306335, 0.4727991223335266, 0.49502032995224, 0.5227084159851074, 0.5075500011444092, 0.6853479146957397, 0.6573200225830078, 0.8662285804748535, 0.7970903515815735, 0.896465539932251, 0.809733510017395, 0.9015915393829346, 0.901262104511261, 1.1861059665679932, 1.1371475458145142, 1.1366934776306152, 1.1365160942077637, 1.117010474205017, 1.1165449619293213, 1.1167409420013428, 0.8613002300262451, 0.7705162763595581, 1.1017096042633057, 1.0719107389450073, 0.6574723124504089, 0.4595967233181, 0.5348888039588928, 0.33120110630989075, 0.5328291654586792, 0.4231371581554413, 0.5339834094047546, 0.41153958439826965, 0.5382078886032104, 0.3979390263557434, 0.5359542965888977, 0.4120047986507416, 0.13611620664596558, -0.13727106153964996, 0.7021033763885498, -0.0607445053756237, 0.8115819096565247, -0.03527478501200676, 0.8165879249572754, -0.026783954352140427, 0.816180408000946, -0.043179724365472794, 448.63421630859375, 276.890869140625, 365.2333984375, 308.4812316894531
0.45396503806114197, 0.43825358152389526, 0.42885294556617737, 0.41869911551475525, 0.45176562666893005, 0.45414021611213684, 0.45694100856781006, 0.3873593211174011, 0.44252845644950867, 0.4420134425163269, 0.4591841697692871, 0.24906706809997559, 0.5682678818702698, 0.18818223476409912, 0.5071902275085449, 0.1848563551902771, 0.35460329055786133, 0.1799164116382599, 0.3495892286300659, 0.1855665147304535, 0.3238333761692047, 0.1962103247642517, 0.3230131268501282, 0.4035349190235138, 0.5729703903198242, 0.28346580266952515, 0.8660135865211487, 0.17683953046798706, 0.6165860891342163, 0.17591238021850586, 0.5469613075256348, 0.16773468255996704, 0.6088145971298218, 0.13623088598251343, 0.12205183506011963, 0.12186184525489807, 0.1215900182723999, 0.12225204706192017, 0.12187460064888, 0.12136998772621155, 0.1305498480796814, 0.12881729006767273, 0.15414053201675415, 0.15433207154273987, 0.2490326464176178, 0.21660107374191284, 0.39868026971817017, 0.3659934401512146, 0.49971824884414673, 0.3991004228591919, 0.5293728113174438, 0.3970698416233063, 0.5287943482398987, 0.3958580791950226, 0.5203174948692322, 0.3982808291912079, 0.5346753597259521, 0.5205197334289551, 0.6864649057388306, 0.6588326096534729, 0.8933719992637634, 0.8119180202484131, 0.9303954839706421, 0.819066047668457, 0.9409917593002319, 0.9153311848640442, 0.9040002822875977, 0.8508805632591248, 0.8503471612930298, 0.8501590490341187, 0.8250424861907959, 0.8246501684188843, 0.824722945690155, 0.5984201431274414, 0.48255375027656555, 0.8329594135284424, 0.7950530648231506, 0.4696930944919586, 0.2975802719593048, 0.4959588646888733, 0.4112425148487091, 0.6575228571891785, 0.8027832508087158, 0.6728376150131226, 0.8401283621788025, 0.6737893223762512, 0.8286668062210083, 0.6641419529914856, 0.8014552593231201, 0.15833613276481628, -0.15891757607460022, 0.667168378829956, -0.12918658554553986, 0.7204935550689697, -0.04403869807720184, 0.7170652151107788, -0.029062462970614433, 0.6864941716194153, -0.03235853090882301, 453.7880859375, 275.87481689453125, 350.8126220703125, 309.12188720703125
0.5030911564826965, 0.48805177211761475, 0.4793064296245575, 0.46974220871925354, 0.5018296241760254, 0.5046809911727905, 0.5077075958251953, 0.43976330757141113, 0.49571123719215393, 0.4933301508426666, 0.5093568563461304, 0.31054961681365967, 0.6054990291595459, 0.2019941806793213, 0.5337690711021423, 0.19639822840690613, 0.3531818389892578, 0.20928451418876648, 0.32898008823394775, 0.21995708346366882, 0.32531893253326416, 0.2202591598033905, 0.3287074565887451, 0.4372308850288391, 0.5994134545326233, 0.3179226517677307, 0.8772580027580261, 0.22076919674873352, 0.6454480290412903, 0.2196035385131836, 0.583362340927124, 0.1920086145401001, 0.6658419370651245, 0.14379960298538208, 0.13031986355781555, 0.1305733025074005, 0.13036751747131348, 0.1291012167930603, 0.12836840748786926, 0.12758487462997437, 0.1408250629901886, 0.13467717170715332, 0.1616899073123932, 0.16042205691337585, 0.2500500977039337, 0.22597938776016235, 0.40527382493019104, 0.3647366762161255, 0.5519214868545532, 0.3973456919193268, 0.5782570838928223, 0.4022553563117981, 0.5788391828536987, 0.3978830873966217, 0.5706163644790649, 0.39710676670074463, 0.5393049120903015, 0.5282883644104004, 0.6891521215438843, 0.6469876766204834, 0.8881418108940125, 0.815556526184082, 0.9240884184837341, 0.8330073952674866, 0.9398288130760193, 0.9031758308410645, 1.0366241931915283, 0.9895256161689758, 0.9890053272247314, 0.9887620806694031, 0.9788224101066589, 0.978469967842102, 0.9786773324012756, 0.7298585176467896, 0.6829613447189331, 0.9570873379707336, 0.939890444278717, 0.49642106890678406, 0.4949938952922821, 0.4294930100440979, 0.5070723295211792, 0.5357794165611267, 0.732566237449646, 0.5401155352592468, 0.7559603452682495, 0.5480630993843079, 0.7390657663345337, 0.5445060133934021, 0.7240597605705261, 0.08445330709218979, -0.08550851792097092, 0.4864365756511688, 0.01568099670112133, 0.4320361018180847, -0.12853702902793884, 0.42155104875564575, -0.14033925533294678, 0.38152727484703064, -0.187665194272995, 448.06414794921875, 275.8057861328125, 337.7189025878906, 311.19244384765625
0.4922860264778137, 0.4758937954902649, 0.4664115607738495, 0.45629021525382996, 0.49108749628067017, 0.4944709837436676, 0.49787870049476624, 0.4219460189342499, 0.48293641209602356, 0.4815034568309784, 0.4980809986591339, 0.27796661853790283, 0.5974938869476318, 0.1489202380180359, 0.5245134830474854, 0.12182849645614624, 0.3410991430282593, 0.12053903937339783, 0.310381144285202, 0.13035660982131958, 0.29751884937286377, 0.13838395476341248, 0.3012884259223938, 0.39858782291412354, 0.5816943645477295, 0.27197059988975525, 0.8836223483085632, 0.16801980137825012, 0.6690835356712341, 0.15391775965690613, 0.6016048192977905, 0.1477825939655304, 0.727763295173645, 0.14228826761245728, 0.12812748551368713, 0.12828487157821655, 0.12853467464447021, 0.12704622745513916, 0.1263042688369751, 0.12542656064033508, 0.1393495500087738, 0.13310393691062927, 0.16039109230041504, 0.1598932147026062, 0.2432434856891632, 0.22791385650634766, 0.399860143661499, 0.3699713349342346, 0.5631788372993469, 0.3994053304195404, 0.593008279800415, 0.4056626558303833, 0.5979785323143005, 0.4036565124988556, 0.5902264714241028, 0.40164560079574585, 0.5466988682746887, 0.5360905528068542, 0.6822744011878967, 0.6355375051498413, 0.8904540538787842, 0.8246532678604126, 0.9236903190612793, 0.8526009917259216, 0.9156109094619751, 0.9156347513198853, 1.1904040575027466, 1.1463532447814941, 1.1457725763320923, 1.1456681489944458, 1.1179959774017334, 1.1175017356872559, 1.1176930665969849, 0.8793994784355164, 0.7507610321044922, 1.1104344129562378, 1.0690722465515137, 0.6767288446426392, 0.48042696714401245, 0.6559959650039673, 0.5672096014022827, 0.7877368927001953, 1.039101481437683, 0.8097404837608337, 1.0972638130187988, 0.8163576126098633, 1.089652180671692, 0.7958032488822937, 1.041190266609192, 0.16658303141593933, -0.16771109402179718, 0.6835364103317261, 0.06759575009346008, 0.5271686911582947, -0.18774423003196716, 0.5053150653839111, -0.21255093812942505, 0.44004887342453003, -0.296428382396698, 451.64056396484375, 274.42572021484375, 319.3590087890625, 309.612060546875
0.4921993911266327, 0.47740164399147034, 0.46854645013809204, 0.4589712619781494, 0.49321961402893066, 0.49714693427085876, 0.500993549823761, 0.42522311210632324, 0.4871436357498169, 0.48159652948379517, 0.4986148178577423, 0.27869510650634766, 0.5927481651306152, 0.13750654458999634, 0.5649464130401611, 0.1000690758228302, 0.4569845497608185, 0.09392690658569336, 0.4409727454185486, 0.10413283109664917, 0.41391462087631226, 0.11680740118026733, 0.4104052186012268, 0.3785174489021301, 0.5679209232330322, 0.2571658194065094, 0.8647305965423584, 0.15919309854507446, 0.7007071375846863, 0.1529407501220703, 0.641652524471283, 0.141416996717453, 0.8147181272506714, 0.14871174097061157, 0.13223445415496826, 0.13197189569473267, 0.13187658786773682, 0.1313166320323944, 0.13068082928657532, 0.13008490204811096, 0.1396242380142212, 0.1362731158733368, 0.16602227091789246, 0.16625088453292847, 0.24033567309379578, 0.2340661585330963, 0.41313791275024414, 0.3973407447338104, 0.5729657411575317, 0.49183449149131775, 0.6123332977294922, 0.500244677066803, 0.6182146072387695, 0.4997482895851135, 0.6037515997886658, 0.4949054419994354, 0.5448794960975647, 0.5339868664741516, 0.6747324466705322, 0.6209385395050049, 0.8761004209518433, 0.8337976932525635, 0.9137111902236938, 0.8693521022796631, 0.9048131704330444, 0.9074759483337402, 1.0555843114852905, 1.0091347694396973, 1.0085787773132324, 1.008384346961975, 0.9802930951118469, 0.9798914194107056, 0.9801160097122192, 0.7514609098434448, 0.6193057298660278, 0.9797355532646179, 0.937613844871521, 0.5256882309913635, 0.3523802161216736, 0.46740636229515076, 0.2782016098499298, 0.5320454239845276, 0.5221869349479675, 0.5304372310638428, 0.5393425822257996, 0.5404888391494751, 0.5256123542785645, 0.5403410792350769, 0.5168664455413818, 0.15610404312610626, -0.15727008879184723, 0.7101113796234131, 0.13259759545326233, 0.603544294834137, -0.14888861775398254, 0.5878363251686096, -0.17766350507736206, 0.5348284244537354, -0.27745193243026733, 453.24169921875, 274.7940673828125, 302.52362060546875, 309.5104064941406
0.5242997407913208, 0.5128729343414307, 0.5030809640884399, 0.49309465289115906, 0.5271084308624268, 0.529559314250946, 0.5320387482643127, 0.4603601396083832, 0.5142210721969604, 0.5090106725692749, 0.5234724283218384, 0.3004070520401001, 0.6130838990211487, 0.16982147097587585, 0.6133198738098145, 0.11896213889122009, 0.5245643854141235, 0.09845882654190063, 0.510229766368866, 0.10175624489784241, 0.48743152618408203, 0.11631518602371216, 0.4903568923473358, 0.3958132266998291, 0.5781059265136719, 0.28318214416503906, 0.8614319562911987, 0.18165194988250732, 0.756032407283783, 0.1781381070613861, 0.7075853943824768, 0.16230851411819458, 0.8480658531188965, 0.15723973512649536, 0.13998708128929138, 0.1387661099433899, 0.1374908685684204, 0.1398719847202301, 0.1390283703804016, 0.1382732093334198, 0.13946864008903503, 0.14147084951400757, 0.17100349068641663, 0.17199209332466125, 0.24566057324409485, 0.2392301857471466, 0.41071370244026184, 0.40759986639022827, 0.5792184472084045, 0.5052565932273865, 0.6216722726821899, 0.5286458730697632, 0.6254310607910156, 0.5151526927947998, 0.6128863096237183, 0.5102946162223816, 0.5474703311920166, 0.5289908051490784, 0.6736762523651123, 0.6105556488037109, 0.8866509795188904, 0.8364226818084717, 0.9235774278640747, 0.8752094507217407, 0.9040220379829407, 0.8903452157974243, 0.6566528081893921, 0.6109363436698914, 0.6104116439819336, 0.6103020906448364, 0.5785987377166748, 0.5781944990158081, 0.5783292055130005, 0.4095378518104553, 0.2620105743408203, 0.6067690253257751, 0.5596491694450378, 0.2620800733566284, 0.12333957105875015, 0.2394673079252243, 0.13682027161121368, 0.28045228123664856, 0.4175865054130554, 0.2641468346118927, 0.4397227168083191, 0.2698074281215668, 0.41512176394462585, 0.28603309392929077, 0.41141146421432495, 0.13492298126220703, -0.1357470452785492, 0.662731945514679, 0.13712623715400696, 0.6653407216072083, 0.02182665839791298, 0.6612811088562012, 0.01210907381027937, 0.6391780376434326, -0.03714780882000923, 451.0797119140625, 273.81085205078125, 288.9332580566406, 311.242431640625
0.5445184111595154, 0.5336307883262634, 0.5258789658546448, 0.5169381499290466, 0.5444685816764832, 0.5462483167648315, 0.5483096837997437, 0.4777504801750183, 0.5283010005950928, 0.5315843224525452, 0.5446067452430725, 0.31449633836746216, 0.615288496017456, 0.186612069606781, 0.6504254937171936, 0.1155180037021637, 0.5622370839118958, 0.09497970342636108, 0.5332983136177063, 0.09938910603523254, 0.5146150588989258, 0.11433297395706177, 0.5179786682128906, 0.41168850660324097, 0.585800051689148, 0.2812816798686981, 0.8596675395965576, 0.1891186535358429, 0.7852590084075928, 0.1869836151599884, 0.7514439225196838, 0.18167412281036377, 0.8732558488845825, 0.15049800276756287, 0.13119766116142273, 0.13022983074188232, 0.12938064336776733, 0.13095614314079285, 0.1301017701625824, 0.12945497035980225, 0.13497915863990784, 0.13468509912490845, 0.1666581928730011, 0.16768398880958557, 0.23821935057640076, 0.23629066348075867, 0.40456169843673706, 0.41666269302368164, 0.5708534717559814, 0.4984780550003052, 0.6116806864738464, 0.5072399973869324, 0.6171883344650269, 0.49229398369789124, 0.6018455624580383, 0.48621615767478943, 0.5452174544334412, 0.528594434261322, 0.6735919713973999, 0.5990279912948608, 0.8778884410858154, 0.8336175084114075, 0.9161120653152466, 0.8721891641616821, 0.8993121385574341, 0.8790103197097778, 0.5852976441383362, 0.5479226112365723, 0.5473527312278748, 0.547283947467804, 0.5119273662567139, 0.5115137696266174, 0.5115913152694702, 0.3802281618118286, 0.21608251333236694, 0.546288013458252, 0.4942260980606079, 0.23050400614738464, 0.0797586441040039, 0.20743170380592346, 0.06812985986471176, 0.24337445199489594, 0.33915382623672485, 0.23136663436889648, 0.36431676149368286, 0.2393706887960434, 0.3423077464103699, 0.25038784742355347, 0.3345097005367279, 0.1313127726316452, -0.1322326362133026, 0.6515717506408691, 0.17060977220535278, 0.6232081055641174, 0.06474320590496063, 0.6176416277885437, 0.05589374527335167, 0.6011609435081482, 0.016950080171227455, 451.01934814453125, 274.8963623046875, 274.64788818359375, 309.63427734375
